{
    "categories": [
        {
            "title": "New",
            "filter": {
                "tags": [
                    "#new"
                ]
            }
        },
        {
            "title": "Hip-Hop",
            "filter": {
                "tags": [
                    "#hiphop",
                    "#rnb",
                    "#triphop",
                    "#grime",
                    "#beat",
                    "#freebeat",
                    "#rap",
                    "#beatbox"
                ]
            }
        },
        {
            "title": "Trap",
            "filter": {
                "tags": [
                    "#trap"
                ]
            }
        },
        {
            "title": "EDM",
            "filter": {
                "tags": [
                    "#edm",
                    "#futuregarage",
                    "#futurebass"
                ]
            }
        },
        {
            "title": "Dubstep",
            "filter": {
                "tags": [
                    "#dubstep"
                ]
            }
        },
        {
            "title": "House",
            "filter": {
                "tags": [
                    "#house",
                    "#basshouse"
                ]
            }
        },
        {
            "title": "Electronic",
            "filter": {
                "tags": [
                    "#electronic",
                    "#acid",
                    "#synth",
                    "#breakbeat"
                ]
            }
        },
        {
            "title": "Drum and Bass",
            "filter": {
                "tags": [
                    "#drumandbass",
                    "#jungle"
                ]
            }
        },
        {
            "title": "Other",
            "filter": {
                "tags": [
                    "#latin",
                    "#guitar",
                    "#folk",
                    "#sax",
                    "#funk",
                    "#dub",
                    "#techno",
                    "#drums",
                    "#reggaeton",
                    "#movie",
                    "#orchestral",
                    "#epic"
                ]
            }
        }
    ],