{
    "categories": [
        {
            "title": "New",
            "filter": {
                "tags": [
                    "#new"
                ]
            }
        },
        {
            "title": "Hip-Hop",
            "filter": {
                "tags": [
                    "#hiphop",
                    "#rnb",
                    "#triphop",
                    "#grime",
                    "#beat",
                    "#freebeat",
                    "#rap",
                    "#beatbox"
                ]
            }
        },
        {
            "title": "Trap",
            "filter": {
                "tags": [
                    "#trap"
                ]
            }
        },
        {
            "title": "EDM",
            "filter": {
                "tags": [
                    "#edm",
                    "#futuregarage",
                    "#futurebass"
                ]
            }
        },
        {
            "title": "Dubstep",
            "filter": {
                "tags": [
                    "#dubstep"
                ]
            }
        },
        {
            "title": "House",
            "filter": {
                "tags": [
                    "#house",
                    "#basshouse"
                ]
            }
        },
        {
            "title": "Electronic",
            "filter": {
                "tags": [
                    "#electronic",
                    "#acid",
                    "#synth",
                    "#breakbeat"
                ]
            }
        },
        {
            "title": "Drum and Bass",
            "filter": {
                "tags": [
                    "#drumandbass",
                    "#jungle"
                ]
            }
        },
        {
            "title": "Other",
            "filter": {
                "tags": [
                    "#latin",
                    "#guitar",
                    "#folk",
                    "#sax",
                    "#funk",
                    "#dub",
                    "#techno",
                    "#drums",
                    "#reggaeton",
                    "#movie",
                    "#orchestral",
                    "#epic"
                ]
            }
        }
    ],
    "presets": {
        "2": {
            "id": "2",
            "name": "Acoustic Drums",
            "orderBy": "0",
            "version": "2",
            "tempo": 120,
            "price": 100,
            "hasInfo": true,
            "tags": [
                "#drums"
            ],
            "files": {
                "1": {
                    "filename": "a_acoustic_drums_tom_01.wav",
                    "color": "red",
                    "stopOnRelease": "0"
                },
                "2": {
                    "filename": "a_acoustic_drums_tom_02.wav",
                    "color": "red",
                    "stopOnRelease": "0"
                },
                "3": {
                    "filename": "a_acoustic_drums_tom_03.wav",
                    "color": "red",
                    "stopOnRelease": "0"
                },
                "4": {
                    "filename": "a_acoustic_drums_rim_shot_01.wav",
                    "color": "green",
                    "stopOnRelease": "0"
                },
                "5": {
                    "filename": "a_acoustic_drums_ride_01.wav",
                    "color": "blue",
                    "stopOnRelease": "0"
                },
                "6": {
                    "filename": "a_acoustic_drums_crash_01.wav",
                    "color": "blue",
                    "stopOnRelease": "0"
                },
                "7": {
                    "filename": "a_acoustic_drums_snare_01.wav",
                    "color": "green",
                    "stopOnRelease": "0"
                },
                "8": {
                    "filename": "a_acoustic_drums_snare_02.wav",
                    "color": "green",
                    "stopOnRelease": "0"
                },
                "9": {
                    "filename": "a_acoustic_drums_snare_03.wav",
                    "color": "green",
                    "stopOnRelease": "0"
                },
                "10": {
                    "filename": "a_acoustic_drums_kick_01.wav",
                    "color": "purple",
                    "stopOnRelease": "0"
                },
                "11": {
                    "filename": "a_acoustic_drums_hihat_closed_01.wav",
                    "color": "yellow",
                    "stopOnRelease": "0"
                },
                "12": {
                    "filename": "a_acoustic_drums_hihat_open_01.wav",
                    "color": "yellow",
                    "stopOnRelease": "0"
                },
                "13": {
                    "filename": "b_acoustic_drums_tom_01.wav",
                    "color": "red",
                    "stopOnRelease": "0"
                },
                "14": {
                    "filename": "b_acoustic_drums_tom_02.wav",
                    "color": "red",
                    "stopOnRelease": "0"
                },
                "15": {
                    "filename": "b_acoustic_drums_china_01.wav",
                    "color": "blue",
                    "stopOnRelease": "0"
                },
                "16": {
                    "filename": "b_acoustic_drums_rim_shot_01.wav",
                    "color": "green",
                    "stopOnRelease": "0"
                },
                "17": {
                    "filename": "b_acoustic_drums_ride_01.wav",
                    "color": "blue",
                    "stopOnRelease": "0"
                },
                "18": {
                    "filename": "b_acoustic_drums_ride_crash_01.wav",
                    "color": "blue",
                    "stopOnRelease": "0"
                },
                "19": {
                    "filename": "b_acoustic_drums_snare_01.wav",
                    "color": "green",
                    "stopOnRelease": "0"
                },
                "20": {
                    "filename": "b_acoustic_drums_hihat_open_01.wav",
                    "color": "yellow",
                    "stopOnRelease": "0"
                },
                "21": {
                    "filename": "b_acoustic_drums_hihat_open_02.wav",
                    "color": "yellow",
                    "stopOnRelease": "0"
                },
                "22": {
                    "filename": "b_acoustic_drums_kick_01.wav",
                    "color": "purple",
                    "stopOnRelease": "0"
                },
                "23": {
                    "filename": "b_acoustic_drums_hihat_closed_01.wav",
                    "color": "yellow",
                    "stopOnRelease": "0"
                },
                "24": {
                    "filename": "b_acoustic_drums_hihat_closed_02.wav",
                    "color": "yellow",
                    "stopOnRelease": "0"
                }
            },
            "DELETED": false,
            "author": "MAQS",
            "difficulty": 3
        },
        "3": {
            "id": "3",
            "name": "Electro Drums",
            "orderBy": "1",
            "version": "2",
            "tempo": 140,
            "price": 100,
            "hasInfo": true,
            "audioPreview1Name": "Electro Drums. Scene A",
            "tags": [
                "#drums"
            ],
            "files": {
                "1": {
                    "filename": "a_electro_drums_hihat_open_01.wav",
                    "color": "blue",
                    "stopOnRelease": "0"
                },
                "2": {
                    "filename": "a_electro_drums_hihat_open_02.wav",
                    "color": "blue",
                    "stopOnRelease": "0"
                },
                "3": {
                    "filename": "a_electro_drums_hihat_closed_03.wav",
                    "color": "yellow",
                    "stopOnRelease": "0"
                },
                "4": {
                    "filename": "a_electro_drums_hihat_closed_01.wav",
                    "color": "yellow",
                    "stopOnRelease": "0"
                },
                "5": {
                    "filename": "a_electro_drums_hihat_closed_02.wav",
                    "color": "yellow",
                    "stopOnRelease": "0"
                },
                "6": {
                    "filename": "a_electro_drums_snare_03.wav",
                    "color": "green",
                    "stopOnRelease": "0"
                },
                "7": {
                    "filename": "a_electro_drums_snare_01.wav",
                    "color": "green",
                    "stopOnRelease": "0"
                },
                "8": {
                    "filename": "a_electro_drums_snare_02.wav",
                    "color": "green",
                    "stopOnRelease": "0"
                },
                "9": {
                    "filename": "a_electro_drums_clap_02.wav",
                    "color": "red",
                    "stopOnRelease": "0"
                },
                "10": {
                    "filename": "a_electro_drums_kick_01.wav",
                    "color": "purple",
                    "stopOnRelease": "0"
                },
                "11": {
                    "filename": "a_electro_drums_kick_02.wav",
                    "color": "purple",
                    "stopOnRelease": "0"
                },
                "12": {
                    "filename": "a_electro_drums_clap_01.wav",
                    "color": "red",
                    "stopOnRelease": "0"
                },
                "13": {
                    "filename": "b_electro_drums_hihat_open_01.wav",
                    "color": "blue",
                    "stopOnRelease": "0"
                },
                "14": {
                    "filename": "b_electro_drums_hihat_open_02.wav",
                    "color": "blue",
                    "stopOnRelease": "0"
                },
                "15": {
                    "filename": "b_electro_drums_hihat_open_03.wav",
                    "color": "blue",
                    "stopOnRelease": "0"
                },
                "16": {
                    "filename": "b_electro_drums_hihat_closed_01.wav",
                    "color": "yellow",
                    "stopOnRelease": "0"
                },
                "17": {
                    "filename": "b_electro_drums_hihat_closed_02.wav",
                    "color": "yellow",
                    "stopOnRelease": "0"
                },
                "18": {
                    "filename": "b_electro_drums_hihat_closed_03.wav",
                    "color": "yellow",
                    "stopOnRelease": "0"
                },
                "19": {
                    "filename": "b_electro_drums_snare_01.wav",
                    "color": "green",
                    "stopOnRelease": "0"
                },
                "20": {
                    "filename": "b_electro_drums_snare_02.wav",
                    "color": "green",
                    "stopOnRelease": "0"
                },
                "21": {
                    "filename": "b_electro_drums_clap_01.wav",
                    "color": "red",
                    "stopOnRelease": "0"
                },
                "22": {
                    "filename": "b_electro_drums_kick_01.wav",
                    "color": "purple",
                    "stopOnRelease": "0"
                },
                "23": {
                    "filename": "b_electro_drums_kick_02.wav",
                    "color": "purple",
                    "stopOnRelease": "0"
                },
                "24": {
                    "filename": "b_electro_drums_kick_03.wav",
                    "color": "purple",
                    "stopOnRelease": "0"
                }
            },
            "DELETED": false,
            "author": "MAQS",
            "difficulty": 3
        },
        "4": {
            "id": "4",
            "name": "Hip-Hop Drums",
            "orderBy": "2",
            "version": "2",
            "tempo": 120,
            "price": 100,
            "hasInfo": true,
            "tags": [
                "#drums"
            ],
            "files": {
                "1": {
                    "filename": "a_hip_hop_drums_hihat_open_01.wav",
                    "color": "blue",
                    "stopOnRelease": "0"
                },
                "2": {
                    "filename": "a_hip_hop_drums_tom_01.wav",
                    "color": "red",
                    "stopOnRelease": "0"
                },
                "3": {
                    "filename": "a_hip_hop_drums_tom_02.wav",
                    "color": "red",
                    "stopOnRelease": "0"
                },
                "4": {
                    "filename": "a_hip_hop_drums_hihat_closed_01.wav",
                    "color": "yellow",
                    "stopOnRelease": "0"
                },
                "5": {
                    "filename": "a_hip_hop_drums_hihat_open_02.wav",
                    "color": "yellow",
                    "stopOnRelease": "0"
                },
                "6": {
                    "filename": "a_hip_hop_drums_tamb_01.wav",
                    "color": "blue",
                    "stopOnRelease": "0"
                },
                "7": {
                    "filename": "a_hip_hop_drums_snare_01.wav",
                    "color": "green",
                    "stopOnRelease": "0"
                },
                "8": {
                    "filename": "a_hip_hop_drums_snare_02.wav",
                    "color": "green",
                    "stopOnRelease": "0"
                },
                "9": {
                    "filename": "a_hip_hop_drums_snare_03.wav",
                    "color": "green",
                    "stopOnRelease": "0"
                },
                "10": {
                    "filename": "a_hip_hop_drums_kick_01.wav",
                    "color": "purple",
                    "stopOnRelease": "0"
                },
                "11": {
                    "filename": "a_hip_hop_drums_kick_02.wav",
                    "color": "purple",
                    "stopOnRelease": "0"
                },
                "12": {
                    "filename": "a_hip_hop_drums_clap_01.wav",
                    "color": "red",
                    "stopOnRelease": "0"
                },
                "13": {
                    "filename": "b_hip_hop_drums_hihat_open_01.wav",
                    "color": "blue",
                    "stopOnRelease": "0"
                },
                "14": {
                    "filename": "b_hip_hop_drums_hihat_open_02.wav",
                    "color": "blue",
                    "stopOnRelease": "0"
                },
                "15": {
                    "filename": "b_hip_hop_drums_tom_01.wav",
                    "color": "red",
                    "stopOnRelease": "0"
                },
                "16": {
                    "filename": "b_hip_hop_drums_hihat_closed_01.wav",
                    "color": "yellow",
                    "stopOnRelease": "0"
                },
                "17": {
                    "filename": "b_hip_hop_drums_hihat_closed_02.wav",
                    "color": "yellow",
                    "stopOnRelease": "0"
                },
                "18": {
                    "filename": "b_hip_hop_drums_clap_02.wav",
                    "color": "red",
                    "stopOnRelease": "0"
                },
                "19": {
                    "filename": "b_hip_hop_drums_snare_01.wav",
                    "color": "green",
                    "stopOnRelease": "0"
                },
                "20": {
                    "filename": "b_hip_hop_drums_snare_02.wav",
                    "color": "green",
                    "stopOnRelease": "0"
                },
                "21": {
                    "filename": "b_hip_hop_drums_snare_03.wav",
                    "color": "green",
                    "stopOnRelease": "0"
                },
                "22": {
                    "filename": "b_hip_hop_drums_kick_01.wav",
                    "color": "purple",
                    "stopOnRelease": "0"
                },
                "23": {
                    "filename": "b_hip_hop_drums_kick_02.wav",
                    "color": "purple",
                    "stopOnRelease": "0"
                },
                "24": {
                    "filename": "b_hip_hop_drums_kick_03.wav",
                    "color": "purple",
                    "stopOnRelease": "0"
                }
            },
            "DELETED": false,
            "author": "MAQS",
            "difficulty": 3
        },
        "6": {
            "id": "6",
            "name": "Dubstep Warrior",
            "orderBy": "15",
            "hasInfo": true,
            "audioPreview1Name": "Dubstep Warrior. Scene A",
            "audioPreview2Name": "Dubstep Warrior. Scene B",
            "files": {
                "1": {
                    "filename": "dubstep_warior_a_pad_01.wav",
                    "color": "blue",
                    "stopOnRelease": "0"
                },
                "2": {
                    "filename": "dubstep_warior_a_pad_02.wav",
                    "color": "blue",
                    "stopOnRelease": "0"
                },
                "3": {
                    "filename": "dubstep_warior_a_sfx_01.wav",
                    "color": "yellow",
                    "stopOnRelease": "0"
                },
                "4": {
                    "filename": "dubstep_warior_a_bass_04.wav",
                    "color": "red",
                    "stopOnRelease": "0"
                },
                "5": {
                    "filename": "dubstep_warior_a_bass_05.wav",
                    "color": "red",
                    "stopOnRelease": "0"
                },
                "6": {
                    "filename": "dubstep_warior_a_bass_06.wav",
                    "color": "red",
                    "stopOnRelease": "0"
                },
                "7": {
                    "filename": "dubstep_warior_a_bass_01.wav",
                    "color": "red",
                    "stopOnRelease": "0"
                },
                "8": {
                    "filename": "dubstep_warior_a_bass_02.wav",
                    "color": "red",
                    "stopOnRelease": "0"
                },
                "9": {
                    "filename": "dubstep_warior_a_bass_03.wav",
                    "color": "red",
                    "stopOnRelease": "0"
                },
                "10": {
                    "filename": "dubstep_warior_a_kick_01.wav",
                    "color": "purple",
                    "stopOnRelease": "0"
                },
                "11": {
                    "filename": "dubstep_warior_a_hihat_01.wav",
                    "color": "yellow",
                    "stopOnRelease": "0"
                },
                "12": {
                    "filename": "dubstep_warior_a_snare_01.wav",
                    "color": "green",
                    "stopOnRelease": "0"
                },
                "13": {
                    "filename": "dubstep_warior_b_pad_01.wav",
                    "color": "blue",
                    "stopOnRelease": "0"
                },
                "14": {
                    "filename": "dubstep_warior_b_pad_02.wav",
                    "color": "blue",
                    "stopOnRelease": "0"
                },
                "15": {
                    "filename": "dubstep_warior_b_pad_03.wav",
                    "color": "blue",
                    "stopOnRelease": "0"
                },
                "16": {
                    "filename": "dubstep_warior_b_bass_04.wav",
                    "color": "red",
                    "stopOnRelease": "0"
                },
                "17": {
                    "filename": "dubstep_warior_b_bass_05.wav",
                    "color": "red",
                    "stopOnRelease": "0"
                },
                "18": {
                    "filename": "dubstep_warior_b_bass_06.wav",
                    "color": "red",
                    "stopOnRelease": "0"
                },
                "19": {
                    "filename": "dubstep_warior_b_bass_01.wav",
                    "color": "red",
                    "stopOnRelease": "0"
                },
                "20": {
                    "filename": "dubstep_warior_b_bass_02.wav",
                    "color": "red",
                    "stopOnRelease": "0"
                },
                "21": {
                    "filename": "dubstep_warior_b_bass_03.wav",
                    "color": "red",
                    "stopOnRelease": "0"
                },
                "22": {
                    "filename": "dubstep_warior_b_kick_01.wav",
                    "color": "purple",
                    "stopOnRelease": "0"
                },
                "23": {
                    "filename": "dubstep_warior_b_hihat_01.wav",
                    "color": "yellow",
                    "stopOnRelease": "0"
                },
                "24": {
                    "filename": "dubstep_warior_b_snare_01.wav",
                    "color": "green",
                    "stopOnRelease": "0"
                }
            },
            "DELETED": false
        },
        "7": {
            "id": "7",
            "name": "Dubstep Fusion",
            "orderBy": "3",
            "version": "2",
            "tempo": 145,
            "hasInfo": true,
            "audioPreview1Name": "Dubstep Fusion. Scene A",
            "audioPreview2Name": "Dubstep Fusion. Scene B",
            "tags": [
                "#dubstep",
                "#bass"
            ],
            "files": {
                "1": {
                    "filename": "dubstep_fusion_a_chord_01.wav",
                    "color": "blue",
                    "stopOnRelease": "0"
                },
                "2": {
                    "filename": "dubstep_fusion_a_chord_02.wav",
                    "color": "blue",
                    "stopOnRelease": "0"
                },
                "3": {
                    "filename": "dubstep_fusion_a_chord_03.wav",
                    "color": "blue",
                    "stopOnRelease": "0"
                },
                "4": {
                    "filename": "dubstep_fusion_a_acid_bass_01.wav",
                    "color": "yellow",
                    "stopOnRelease": "0"
                },
                "5": {
                    "filename": "dubstep_fusion_a_acid_bass_02.wav",
                    "color": "yellow",
                    "stopOnRelease": "0"
                },
                "6": {
                    "filename": "dubstep_fusion_a_acid_bass_03.wav",
                    "color": "yellow",
                    "stopOnRelease": "0"
                },
                "7": {
                    "filename": "dubstep_fusion_a_wobble_01.wav",
                    "color": "red",
                    "stopOnRelease": "0"
                },
                "8": {
                    "filename": "dubstep_fusion_a_wobble_02.wav",
                    "color": "red",
                    "stopOnRelease": "0"
                },
                "9": {
                    "filename": "dubstep_fusion_a_wobble_voice_01.wav",
                    "color": "red",
                    "stopOnRelease": "0"
                },
                "10": {
                    "filename": "dubstep_fusion_a_kick_01.wav",
                    "color": "purple",
                    "stopOnRelease": "0"
                },
                "11": {
                    "filename": "dubstep_fusion_a_snare_01.wav",
                    "color": "green",
                    "stopOnRelease": "0"
                },
                "12": {
                    "filename": "dubstep_fusion_a_bendy_bass_01.wav",
                    "color": "blue",
                    "stopOnRelease": "0"
                },
                "13": {
                    "filename": "dubstep_fusion_b_pad_01.wav",
                    "color": "blue",
                    "stopOnRelease": "0"
                },
                "14": {
                    "filename": "dubstep_fusion_b_pad_02.wav",
                    "color": "blue",
                    "stopOnRelease": "0"
                },
                "15": {
                    "filename": "dubstep_fusion_b_pad_03.wav",
                    "color": "blue",
                    "stopOnRelease": "0"
                },
                "16": {
                    "filename": "dubstep_fusion_b_wobble_05.wav",
                    "color": "red",
                    "stopOnRelease": "0"
                },
                "17": {
                    "filename": "dubstep_fusion_b_sfx_01.wav",
                    "color": "yellow",
                    "stopOnRelease": "0"
                },
                "18": {
                    "filename": "dubstep_fusion_b_sfx_02.wav",
                    "color": "yellow",
                    "stopOnRelease": "0"
                },
                "19": {
                    "filename": "dubstep_fusion_b_wobble_01.wav",
                    "color": "red",
                    "stopOnRelease": "0"
                },
                "20": {
                    "filename": "dubstep_fusion_b_wobble_02.wav",
                    "color": "red",
                    "stopOnRelease": "0"
                },
                "21": {
                    "filename": "dubstep_fusion_b_wobble_03.wav",
                    "color": "red",
                    "stopOnRelease": "0"
                },
                "22": {
                    "filename": "dubstep_fusion_b_kick_01.wav",
                    "color": "purple",
                    "stopOnRelease": "0"
                },
                "23": {
                    "filename": "dubstep_fusion_b_snare_01.wav",
                    "color": "green",
                    "stopOnRelease": "0"
                },
                "24": {
                    "filename": "dubstep_fusion_b_wobble_04.wav",
                    "color": "red",
                    "stopOnRelease": "0"
                }
            },
            "DELETED": false,
            "author": "MAQS",
            "difficulty": 3
        }

    }
}