{
    "categories": [
        {
            "title": "New",
            "filter": {
                "tags": [
                    "#new"
                ]
            }
        },
        {
            "title": "Hip-Hop",
            "filter": {
                "tags": [
                    "#hiphop",
                    "#rnb",
                    "#triphop",
                    "#grime",
                    "#beat",
                    "#freebeat",
                    "#rap",
                    "#beatbox"
                ]
            }
        },
        {
            "title": "Trap",
            "filter": {
                "tags": [
                    "#trap"
                ]
            }
        },
        {
            "title": "EDM",
            "filter": {
                "tags": [
                    "#edm",
                    "#futuregarage",
                    "#futurebass"
                ]
            }
        },
        {
            "title": "Dubstep",
            "filter": {
                "tags": [
                    "#dubstep"
                ]
            }
        },
        {
            "title": "House",
            "filter": {
                "tags": [
                    "#house",
                    "#basshouse"
                ]
            }
        },
        {
            "title": "Electronic",
            "filter": {
                "tags": [
                    "#electronic",
                    "#acid",
                    "#synth",
                    "#breakbeat"
                ]
            }
        },
        {
            "title": "Drum and Bass",
            "filter": {
                "tags": [
                    "#drumandbass",
                    "#jungle"
                ]
            }
        },
        {
            "title": "Other",
            "filter": {
                "tags": [
                    "#latin",
                    "#guitar",
                    "#folk",
                    "#sax",
                    "#funk",
                    "#dub",
                    "#techno",
                    "#drums",
                    "#reggaeton",
                    "#movie",
                    "#orchestral",
                    "#epic"
                ]
            }
        }
    ],
    "presets": {
       "45": {
            "id": "45",
            "name": "Feel the Sunshine",
            "orderBy": "36",
            "tempo": 140,
            "hasInfo": true,
            "audioPreview1Name": "Feel the Sunshine. Scene A",
            "audioPreview2Name": "Feel the Sunshine. Scene B",
            "tags": [
                "#edm",
                "#dancemusic"
            ],
            "files": {
                "1": {
                    "filename": "feel_the_sunshine_a_piano_01.wav",
                    "color": "green",
                    "stopOnRelease": "0"
                },
                "2": {
                    "filename": "feel_the_sunshine_a_piano_02.wav",
                    "color": "green",
                    "stopOnRelease": "0"
                },
                "3": {
                    "filename": "feel_the_sunshine_a_bass_01.wav",
                    "color": "blue",
                    "stopOnRelease": "0"
                },
                "4": {
                    "filename": "feel_the_sunshine_a_piano_03.wav",
                    "color": "green",
                    "stopOnRelease": "0"
                },
                "5": {
                    "filename": "feel_the_sunshine_a_piano_04.wav",
                    "color": "green",
                    "stopOnRelease": "0"
                },
                "6": {
                    "filename": "feel_the_sunshine_a_fx_01.wav",
                    "color": "purple",
                    "stopOnRelease": "0"
                },
                "7": {
                    "filename": "feel_the_sunshine_a_pluck_01.wav",
                    "color": "red",
                    "stopOnRelease": "0"
                },
                "8": {
                    "filename": "feel_the_sunshine_a_hihat_roll_01.wav",
                    "color": "yellow",
                    "stopOnRelease": "0"
                },
                "9": {
                    "filename": "feel_the_sunshine_a_pad_01.wav",
                    "color": "red",
                    "stopOnRelease": "0"
                },
                "10": {
                    "filename": "feel_the_sunshine_a_kick_01.wav",
                    "color": "purple",
                    "stopOnRelease": "0"
                },
                "11": {
                    "filename": "feel_the_sunshine_a_hihat_01.wav",
                    "color": "yellow",
                    "stopOnRelease": "0"
                },
                "12": {
                    "filename": "feel_the_sunshine_a_snare_01.wav",
                    "color": "green",
                    "stopOnRelease": "0"
                },
                "13": {
                    "filename": "feel_the_sunshine_b_synth_02.wav",
                    "color": "green",
                    "stopOnRelease": "0"
                },
                "14": {
                    "filename": "feel_the_sunshine_b_synth_04.wav",
                    "color": "green",
                    "stopOnRelease": "0"
                },
                "15": {
                    "filename": "feel_the_sunshine_b_synth_03.wav",
                    "color": "green",
                    "stopOnRelease": "0"
                },
                "16": {
                    "filename": "feel_the_sunshine_b_synth_01.wav",
                    "color": "green",
                    "stopOnRelease": "0"
                },
                "17": {
                    "filename": "feel_the_sunshine_b_perc_03.wav",
                    "color": "blue",
                    "stopOnRelease": "0"
                },
                "18": {
                    "filename": "feel_the_sunshine_b_fx_01.wav",
                    "color": "yellow",
                    "stopOnRelease": "0"
                },
                "19": {
                    "filename": "feel_the_sunshine_b_vox_01.wav",
                    "color": "purple",
                    "stopOnRelease": "0"
                },
                "20": {
                    "filename": "feel_the_sunshine_b_perc_01.wav",
                    "color": "blue",
                    "stopOnRelease": "0"
                },
                "21": {
                    "filename": "feel_the_sunshine_b_perc_02.wav",
                    "color": "blue",
                    "stopOnRelease": "0"
                },
                "22": {
                    "filename": "feel_the_sunshine_b_kick_01.wav",
                    "color": "yellow",
                    "stopOnRelease": "0"
                },
                "23": {
                    "filename": "feel_the_sunshine_b_hihat_01.wav",
                    "color": "red",
                    "stopOnRelease": "0"
                },
                "24": {
                    "filename": "feel_the_sunshine_b_snare_01.wav",
                    "color": "purple",
                    "stopOnRelease": "0"
                }
            },
            "DELETED": true,
            "author": "MAQS",
            "difficulty": 3
        },
        "64": {
            "id": "64",
            "name": "Pure Drum & Bass",
            "orderBy": "66",
            "tempo": 170,
            "price": 100,
            "hasInfo": true,
            "audioPreview1Name": "Pure DnB",
            "tags": [
                "#drumandbass"
            ],
            "beatSchool": {
                "a": [
                    {
                        "name": "01",
                        "id": 0,
                        "orderBy": 0,
                        "sequencerSize": 33,
                        "pads": {
                            "9": [
                                {
                                    "start": 0
                                },
                                {
                                    "start": 10
                                },
                                {
                                    "start": 16
                                },
                                {
                                    "start": 26
                                }
                            ],
                            "10": [
                                {
                                    "start": 0
                                },
                                {
                                    "start": 16
                                }
                            ],
                            "11": [
                                {
                                    "start": 4
                                },
                                {
                                    "start": 12
                                },
                                {
                                    "start": 20
                                },
                                {
                                    "start": 28
                                }
                            ],
                            "undefined": [
                                {
                                    "start": 31
                                }
                            ]
                        }
                    },
                    {
                        "name": "02",
                        "id": 1,
                        "orderBy": 1,
                        "sequencerSize": 65,
                        "pads": {
                            "9": [
                                {
                                    "start": 0
                                },
                                {
                                    "start": 10
                                },
                                {
                                    "start": 16
                                },
                                {
                                    "start": 26
                                },
                                {
                                    "start": 32
                                },
                                {
                                    "start": 42
                                },
                                {
                                    "start": 48
                                },
                                {
                                    "start": 58
                                }
                            ],
                            "10": [
                                {
                                    "start": 0
                                },
                                {
                                    "start": 16
                                },
                                {
                                    "start": 32
                                },
                                {
                                    "start": 48
                                }
                            ],
                            "11": [
                                {
                                    "start": 4
                                },
                                {
                                    "start": 12
                                },
                                {
                                    "start": 20
                                },
                                {
                                    "start": 28
                                },
                                {
                                    "start": 36
                                },
                                {
                                    "start": 44
                                },
                                {
                                    "start": 52
                                },
                                {
                                    "start": 60
                                }
                            ],
                            "undefined": [
                                {
                                    "start": 63
                                }
                            ]
                        }
                    },
                    {
                        "name": "03",
                        "id": 2,
                        "orderBy": 2,
                        "sequencerSize": 129,
                        "pads": {
                            "9": [
                                {
                                    "start": 0
                                },
                                {
                                    "start": 10
                                },
                                {
                                    "start": 16
                                },
                                {
                                    "start": 26
                                },
                                {
                                    "start": 32
                                },
                                {
                                    "start": 42
                                },
                                {
                                    "start": 48
                                },
                                {
                                    "start": 58
                                },
                                {
                                    "start": 64
                                },
                                {
                                    "start": 74
                                },
                                {
                                    "start": 80
                                },
                                {
                                    "start": 90
                                },
                                {
                                    "start": 96
                                },
                                {
                                    "start": 106
                                },
                                {
                                    "start": 112
                                },
                                {
                                    "start": 122
                                }
                            ],
                            "10": [
                                {
                                    "start": 0
                                },
                                {
                                    "start": 16
                                },
                                {
                                    "start": 32
                                },
                                {
                                    "start": 48
                                },
                                {
                                    "start": 64
                                },
                                {
                                    "start": 80
                                },
                                {
                                    "start": 96
                                },
                                {
                                    "start": 112
                                }
                            ],
                            "11": [
                                {
                                    "start": 4
                                },
                                {
                                    "start": 12
                                },
                                {
                                    "start": 20
                                },
                                {
                                    "start": 28
                                },
                                {
                                    "start": 36
                                },
                                {
                                    "start": 44
                                },
                                {
                                    "start": 52
                                },
                                {
                                    "start": 60
                                },
                                {
                                    "start": 68
                                },
                                {
                                    "start": 76
                                },
                                {
                                    "start": 84
                                },
                                {
                                    "start": 92
                                },
                                {
                                    "start": 100
                                },
                                {
                                    "start": 108
                                },
                                {
                                    "start": 116
                                },
                                {
                                    "start": 124
                                }
                            ],
                            "undefined": [
                                {
                                    "start": 127
                                }
                            ]
                        }
                    },
                    {
                        "name": "04",
                        "id": 3,
                        "orderBy": 3,
                        "sequencerSize": 33,
                        "pads": {
                            "6": [
                                {
                                    "start": 0
                                }
                            ],
                            "7": [
                                {
                                    "start": 16
                                }
                            ],
                            "9": [
                                {
                                    "start": 0
                                },
                                {
                                    "start": 10
                                },
                                {
                                    "start": 16
                                },
                                {
                                    "start": 26
                                }
                            ],
                            "10": [
                                {
                                    "start": 0
                                },
                                {
                                    "start": 16
                                }
                            ],
                            "11": [
                                {
                                    "start": 4
                                },
                                {
                                    "start": 12
                                },
                                {
                                    "start": 20
                                },
                                {
                                    "start": 28
                                }
                            ],
                            "undefined": [
                                {
                                    "start": 31
                                }
                            ]
                        }
                    },
                    {
                        "name": "05",
                        "id": 4,
                        "orderBy": 4,
                        "sequencerSize": 33,
                        "pads": {
                            "3": [
                                {
                                    "start": 0
                                }
                            ],
                            "8": [
                                {
                                    "start": 16
                                }
                            ],
                            "9": [
                                {
                                    "start": 0
                                },
                                {
                                    "start": 10
                                },
                                {
                                    "start": 16
                                },
                                {
                                    "start": 26
                                }
                            ],
                            "10": [
                                {
                                    "start": 0
                                },
                                {
                                    "start": 16
                                }
                            ],
                            "11": [
                                {
                                    "start": 4
                                },
                                {
                                    "start": 12
                                },
                                {
                                    "start": 20
                                },
                                {
                                    "start": 28
                                }
                            ],
                            "undefined": [
                                {
                                    "start": 31
                                }
                            ]
                        }
                    },
                    {
                        "name": "06",
                        "id": 5,
                        "orderBy": 5,
                        "sequencerSize": 65,
                        "pads": {
                            "3": [
                                {
                                    "start": 32
                                }
                            ],
                            "6": [
                                {
                                    "start": 0
                                }
                            ],
                            "7": [
                                {
                                    "start": 16
                                }
                            ],
                            "8": [
                                {
                                    "start": 48
                                }
                            ],
                            "9": [
                                {
                                    "start": 0
                                },
                                {
                                    "start": 10
                                },
                                {
                                    "start": 16
                                },
                                {
                                    "start": 26
                                },
                                {
                                    "start": 32
                                },
                                {
                                    "start": 42
                                },
                                {
                                    "start": 48
                                },
                                {
                                    "start": 58
                                }
                            ],
                            "10": [
                                {
                                    "start": 0
                                },
                                {
                                    "start": 16
                                },
                                {
                                    "start": 32
                                },
                                {
                                    "start": 48
                                }
                            ],
                            "11": [
                                {
                                    "start": 4
                                },
                                {
                                    "start": 12
                                },
                                {
                                    "start": 20
                                },
                                {
                                    "start": 28
                                },
                                {
                                    "start": 36
                                },
                                {
                                    "start": 44
                                },
                                {
                                    "start": 52
                                },
                                {
                                    "start": 60
                                }
                            ],
                            "undefined": [
                                {
                                    "start": 63
                                }
                            ]
                        }
                    },
                    {
                        "name": "07",
                        "id": 6,
                        "orderBy": 6,
                        "sequencerSize": 33,
                        "pads": {
                            "2": [
                                {
                                    "start": 16
                                }
                            ],
                            "4": [
                                {
                                    "start": 0
                                }
                            ],
                            "9": [
                                {
                                    "start": 0
                                },
                                {
                                    "start": 10
                                },
                                {
                                    "start": 16
                                },
                                {
                                    "start": 26
                                }
                            ],
                            "10": [
                                {
                                    "start": 0
                                },
                                {
                                    "start": 16
                                }
                            ],
                            "11": [
                                {
                                    "start": 4
                                },
                                {
                                    "start": 12
                                },
                                {
                                    "start": 20
                                },
                                {
                                    "start": 28
                                }
                            ],
                            "undefined": [
                                {
                                    "start": 31
                                }
                            ]
                        }
                    },
                    {
                        "name": "08",
                        "id": 7,
                        "orderBy": 7,
                        "sequencerSize": 33,
                        "pads": {
                            "2": [
                                {
                                    "start": 16
                                }
                            ],
                            "5": [
                                {
                                    "start": 0
                                }
                            ],
                            "9": [
                                {
                                    "start": 0
                                },
                                {
                                    "start": 10
                                },
                                {
                                    "start": 16
                                },
                                {
                                    "start": 26
                                }
                            ],
                            "10": [
                                {
                                    "start": 0
                                },
                                {
                                    "start": 16
                                }
                            ],
                            "11": [
                                {
                                    "start": 4
                                },
                                {
                                    "start": 12
                                },
                                {
                                    "start": 20
                                },
                                {
                                    "start": 28
                                }
                            ],
                            "undefined": [
                                {
                                    "start": 31
                                }
                            ]
                        }
                    },
                    {
                        "name": "09",
                        "id": 8,
                        "orderBy": 8,
                        "sequencerSize": 65,
                        "pads": {
                            "2": [
                                {
                                    "start": 16
                                },
                                {
                                    "start": 48
                                }
                            ],
                            "4": [
                                {
                                    "start": 0
                                }
                            ],
                            "5": [
                                {
                                    "start": 32
                                }
                            ],
                            "9": [
                                {
                                    "start": 0
                                },
                                {
                                    "start": 10
                                },
                                {
                                    "start": 16
                                },
                                {
                                    "start": 26
                                },
                                {
                                    "start": 32
                                },
                                {
                                    "start": 42
                                },
                                {
                                    "start": 48
                                },
                                {
                                    "start": 58
                                }
                            ],
                            "10": [
                                {
                                    "start": 0
                                },
                                {
                                    "start": 16
                                },
                                {
                                    "start": 32
                                },
                                {
                                    "start": 48
                                }
                            ],
                            "11": [
                                {
                                    "start": 4
                                },
                                {
                                    "start": 12
                                },
                                {
                                    "start": 20
                                },
                                {
                                    "start": 28
                                },
                                {
                                    "start": 36
                                },
                                {
                                    "start": 44
                                },
                                {
                                    "start": 52
                                },
                                {
                                    "start": 60
                                }
                            ],
                            "undefined": [
                                {
                                    "start": 63
                                }
                            ]
                        }
                    },
                    {
                        "name": "10",
                        "id": 9,
                        "orderBy": 9,
                        "sequencerSize": 129,
                        "pads": {
                            "2": [
                                {
                                    "start": 80
                                },
                                {
                                    "start": 112
                                }
                            ],
                            "3": [
                                {
                                    "start": 32
                                }
                            ],
                            "4": [
                                {
                                    "start": 64
                                }
                            ],
                            "5": [
                                {
                                    "start": 96
                                }
                            ],
                            "6": [
                                {
                                    "start": 0
                                }
                            ],
                            "7": [
                                {
                                    "start": 16
                                }
                            ],
                            "8": [
                                {
                                    "start": 48
                                }
                            ],
                            "9": [
                                {
                                    "start": 0
                                },
                                {
                                    "start": 10
                                },
                                {
                                    "start": 16
                                },
                                {
                                    "start": 26
                                },
                                {
                                    "start": 32
                                },
                                {
                                    "start": 42
                                },
                                {
                                    "start": 48
                                },
                                {
                                    "start": 58
                                },
                                {
                                    "start": 64
                                },
                                {
                                    "start": 74
                                },
                                {
                                    "start": 80
                                },
                                {
                                    "start": 90
                                },
                                {
                                    "start": 96
                                },
                                {
                                    "start": 106
                                },
                                {
                                    "start": 112
                                },
                                {
                                    "start": 122
                                }
                            ],
                            "10": [
                                {
                                    "start": 0
                                },
                                {
                                    "start": 16
                                },
                                {
                                    "start": 32
                                },
                                {
                                    "start": 48
                                },
                                {
                                    "start": 64
                                },
                                {
                                    "start": 80
                                },
                                {
                                    "start": 96
                                },
                                {
                                    "start": 112
                                }
                            ],
                            "11": [
                                {
                                    "start": 4
                                },
                                {
                                    "start": 12
                                },
                                {
                                    "start": 20
                                },
                                {
                                    "start": 28
                                },
                                {
                                    "start": 36
                                },
                                {
                                    "start": 44
                                },
                                {
                                    "start": 52
                                },
                                {
                                    "start": 60
                                },
                                {
                                    "start": 68
                                },
                                {
                                    "start": 76
                                },
                                {
                                    "start": 84
                                },
                                {
                                    "start": 92
                                },
                                {
                                    "start": 100
                                },
                                {
                                    "start": 108
                                },
                                {
                                    "start": 116
                                },
                                {
                                    "start": 124
                                }
                            ],
                            "undefined": [
                                {
                                    "start": 127
                                }
                            ]
                        }
                    },
                    {
                        "name": "11",
                        "id": 10,
                        "orderBy": 10,
                        "sequencerSize": 65,
                        "pads": {
                            "0": [
                                {
                                    "start": 0,
                                    "duration": 32
                                }
                            ],
                            "1": [
                                {
                                    "start": 32,
                                    "duration": 32
                                }
                            ],
                            "9": [
                                {
                                    "start": 0
                                },
                                {
                                    "start": 10
                                },
                                {
                                    "start": 16
                                },
                                {
                                    "start": 26
                                },
                                {
                                    "start": 32
                                },
                                {
                                    "start": 42
                                },
                                {
                                    "start": 48
                                },
                                {
                                    "start": 58
                                }
                            ],
                            "10": [
                                {
                                    "start": 0
                                },
                                {
                                    "start": 16
                                },
                                {
                                    "start": 32
                                },
                                {
                                    "start": 48
                                }
                            ],
                            "11": [
                                {
                                    "start": 4
                                },
                                {
                                    "start": 12
                                },
                                {
                                    "start": 20
                                },
                                {
                                    "start": 28
                                },
                                {
                                    "start": 36
                                },
                                {
                                    "start": 44
                                },
                                {
                                    "start": 52
                                },
                                {
                                    "start": 60
                                }
                            ]
                        }
                    },
                    {
                        "name": "12",
                        "id": 11,
                        "orderBy": 11,
                        "sequencerSize": 193,
                        "pads": {
                            "0": [
                                {
                                    "start": 128,
                                    "duration": 32
                                }
                            ],
                            "1": [
                                {
                                    "start": 160,
                                    "duration": 32
                                }
                            ],
                            "2": [
                                {
                                    "start": 80
                                },
                                {
                                    "start": 112
                                }
                            ],
                            "3": [
                                {
                                    "start": 32
                                }
                            ],
                            "4": [
                                {
                                    "start": 64
                                }
                            ],
                            "5": [
                                {
                                    "start": 96
                                }
                            ],
                            "6": [
                                {
                                    "start": 0
                                }
                            ],
                            "7": [
                                {
                                    "start": 16
                                }
                            ],
                            "8": [
                                {
                                    "start": 48
                                }
                            ],
                            "9": [
                                {
                                    "start": 0
                                },
                                {
                                    "start": 10
                                },
                                {
                                    "start": 16
                                },
                                {
                                    "start": 26
                                },
                                {
                                    "start": 32
                                },
                                {
                                    "start": 42
                                },
                                {
                                    "start": 48
                                },
                                {
                                    "start": 58
                                },
                                {
                                    "start": 64
                                },
                                {
                                    "start": 74
                                },
                                {
                                    "start": 80
                                },
                                {
                                    "start": 90
                                },
                                {
                                    "start": 96
                                },
                                {
                                    "start": 106
                                },
                                {
                                    "start": 112
                                },
                                {
                                    "start": 122
                                },
                                {
                                    "start": 128
                                },
                                {
                                    "start": 138
                                },
                                {
                                    "start": 144
                                },
                                {
                                    "start": 154
                                },
                                {
                                    "start": 160
                                },
                                {
                                    "start": 170
                                },
                                {
                                    "start": 176
                                },
                                {
                                    "start": 186
                                }
                            ],
                            "10": [
                                {
                                    "start": 0
                                },
                                {
                                    "start": 16
                                },
                                {
                                    "start": 32
                                },
                                {
                                    "start": 48
                                },
                                {
                                    "start": 64
                                },
                                {
                                    "start": 80
                                },
                                {
                                    "start": 96
                                },
                                {
                                    "start": 112
                                },
                                {
                                    "start": 128
                                },
                                {
                                    "start": 144
                                },
                                {
                                    "start": 160
                                },
                                {
                                    "start": 176
                                }
                            ],
                            "11": [
                                {
                                    "start": 4
                                },
                                {
                                    "start": 12
                                },
                                {
                                    "start": 20
                                },
                                {
                                    "start": 28
                                },
                                {
                                    "start": 36
                                },
                                {
                                    "start": 44
                                },
                                {
                                    "start": 52
                                },
                                {
                                    "start": 60
                                },
                                {
                                    "start": 68
                                },
                                {
                                    "start": 76
                                },
                                {
                                    "start": 84
                                },
                                {
                                    "start": 92
                                },
                                {
                                    "start": 100
                                },
                                {
                                    "start": 108
                                },
                                {
                                    "start": 116
                                },
                                {
                                    "start": 124
                                },
                                {
                                    "start": 132
                                },
                                {
                                    "start": 140
                                },
                                {
                                    "start": 148
                                },
                                {
                                    "start": 156
                                },
                                {
                                    "start": 164
                                },
                                {
                                    "start": 172
                                },
                                {
                                    "start": 180
                                },
                                {
                                    "start": 188
                                }
                            ]
                        }
                    }
                ],
                "b": [
                    {
                        "name": "13",
                        "id": 12,
                        "orderBy": 12,
                        "sequencerSize": 65,
                        "pads": {
                            "21": [
                                {
                                    "start": 0
                                },
                                {
                                    "start": 10
                                },
                                {
                                    "start": 16
                                },
                                {
                                    "start": 26
                                },
                                {
                                    "start": 32
                                },
                                {
                                    "start": 42
                                },
                                {
                                    "start": 48
                                },
                                {
                                    "start": 58
                                }
                            ],
                            "22": [
                                {
                                    "start": 0
                                },
                                {
                                    "start": 16
                                },
                                {
                                    "start": 32
                                },
                                {
                                    "start": 48
                                }
                            ],
                            "23": [
                                {
                                    "start": 4
                                },
                                {
                                    "start": 12
                                },
                                {
                                    "start": 20
                                },
                                {
                                    "start": 28
                                },
                                {
                                    "start": 36
                                },
                                {
                                    "start": 44
                                },
                                {
                                    "start": 52
                                },
                                {
                                    "start": 60
                                }
                            ],
                            "undefined": [
                                {
                                    "start": 63
                                }
                            ]
                        }
                    },
                    {
                        "name": "14",
                        "id": 13,
                        "orderBy": 13,
                        "sequencerSize": 65,
                        "pads": {
                            "12": [
                                {
                                    "start": 32
                                }
                            ],
                            "13": [
                                {
                                    "start": 48
                                }
                            ],
                            "18": [
                                {
                                    "start": 0
                                }
                            ],
                            "21": [
                                {
                                    "start": 0
                                },
                                {
                                    "start": 10
                                },
                                {
                                    "start": 16
                                },
                                {
                                    "start": 26
                                },
                                {
                                    "start": 32
                                },
                                {
                                    "start": 42
                                },
                                {
                                    "start": 48
                                },
                                {
                                    "start": 58
                                }
                            ],
                            "22": [
                                {
                                    "start": 0
                                },
                                {
                                    "start": 16
                                },
                                {
                                    "start": 32
                                },
                                {
                                    "start": 48
                                }
                            ],
                            "23": [
                                {
                                    "start": 4
                                },
                                {
                                    "start": 12
                                },
                                {
                                    "start": 20
                                },
                                {
                                    "start": 28
                                },
                                {
                                    "start": 36
                                },
                                {
                                    "start": 44
                                },
                                {
                                    "start": 52
                                },
                                {
                                    "start": 60
                                }
                            ],
                            "undefined": [
                                {
                                    "start": 63
                                }
                            ]
                        }
                    },
                    {
                        "name": "15",
                        "id": 14,
                        "orderBy": 14,
                        "sequencerSize": 65,
                        "pads": {
                            "16": [
                                {
                                    "start": 32
                                }
                            ],
                            "17": [
                                {
                                    "start": 48
                                }
                            ],
                            "19": [
                                {
                                    "start": 0
                                }
                            ],
                            "21": [
                                {
                                    "start": 0
                                },
                                {
                                    "start": 10
                                },
                                {
                                    "start": 16
                                },
                                {
                                    "start": 26
                                },
                                {
                                    "start": 32
                                },
                                {
                                    "start": 42
                                },
                                {
                                    "start": 48
                                },
                                {
                                    "start": 58
                                }
                            ],
                            "22": [
                                {
                                    "start": 0
                                },
                                {
                                    "start": 16
                                },
                                {
                                    "start": 32
                                },
                                {
                                    "start": 48
                                }
                            ],
                            "23": [
                                {
                                    "start": 4
                                },
                                {
                                    "start": 12
                                },
                                {
                                    "start": 20
                                },
                                {
                                    "start": 28
                                },
                                {
                                    "start": 36
                                },
                                {
                                    "start": 44
                                },
                                {
                                    "start": 52
                                },
                                {
                                    "start": 60
                                }
                            ],
                            "undefined": [
                                {
                                    "start": 63
                                }
                            ]
                        }
                    },
                    {
                        "name": "16",
                        "id": 15,
                        "orderBy": 15,
                        "sequencerSize": 129,
                        "pads": {
                            "12": [
                                {
                                    "start": 32
                                }
                            ],
                            "13": [
                                {
                                    "start": 48
                                }
                            ],
                            "16": [
                                {
                                    "start": 96
                                }
                            ],
                            "17": [
                                {
                                    "start": 112
                                }
                            ],
                            "18": [
                                {
                                    "start": 0
                                }
                            ],
                            "19": [
                                {
                                    "start": 64
                                }
                            ],
                            "21": [
                                {
                                    "start": 0
                                },
                                {
                                    "start": 10
                                },
                                {
                                    "start": 16
                                },
                                {
                                    "start": 26
                                },
                                {
                                    "start": 32
                                },
                                {
                                    "start": 42
                                },
                                {
                                    "start": 48
                                },
                                {
                                    "start": 58
                                },
                                {
                                    "start": 64
                                },
                                {
                                    "start": 74
                                },
                                {
                                    "start": 80
                                },
                                {
                                    "start": 90
                                },
                                {
                                    "start": 96
                                },
                                {
                                    "start": 106
                                },
                                {
                                    "start": 112
                                },
                                {
                                    "start": 122
                                }
                            ],
                            "22": [
                                {
                                    "start": 0
                                },
                                {
                                    "start": 16
                                },
                                {
                                    "start": 32
                                },
                                {
                                    "start": 48
                                },
                                {
                                    "start": 64
                                },
                                {
                                    "start": 80
                                },
                                {
                                    "start": 96
                                },
                                {
                                    "start": 112
                                }
                            ],
                            "23": [
                                {
                                    "start": 4
                                },
                                {
                                    "start": 12
                                },
                                {
                                    "start": 20
                                },
                                {
                                    "start": 28
                                },
                                {
                                    "start": 36
                                },
                                {
                                    "start": 44
                                },
                                {
                                    "start": 52
                                },
                                {
                                    "start": 60
                                },
                                {
                                    "start": 68
                                },
                                {
                                    "start": 76
                                },
                                {
                                    "start": 84
                                },
                                {
                                    "start": 92
                                },
                                {
                                    "start": 100
                                },
                                {
                                    "start": 108
                                },
                                {
                                    "start": 116
                                },
                                {
                                    "start": 124
                                }
                            ],
                            "undefined": [
                                {
                                    "start": 127
                                }
                            ]
                        }
                    },
                    {
                        "name": "17",
                        "id": 16,
                        "orderBy": 16,
                        "sequencerSize": 65,
                        "pads": {
                            "14": [
                                {
                                    "start": 48
                                }
                            ],
                            "15": [
                                {
                                    "start": 0,
                                    "duration": 32
                                }
                            ],
                            "20": [
                                {
                                    "start": 32
                                }
                            ],
                            "21": [
                                {
                                    "start": 0
                                },
                                {
                                    "start": 10
                                },
                                {
                                    "start": 16
                                },
                                {
                                    "start": 26
                                },
                                {
                                    "start": 32
                                },
                                {
                                    "start": 42
                                },
                                {
                                    "start": 48
                                },
                                {
                                    "start": 58
                                }
                            ],
                            "22": [
                                {
                                    "start": 0
                                },
                                {
                                    "start": 16
                                },
                                {
                                    "start": 32
                                },
                                {
                                    "start": 48
                                }
                            ],
                            "23": [
                                {
                                    "start": 4
                                },
                                {
                                    "start": 12
                                },
                                {
                                    "start": 20
                                },
                                {
                                    "start": 28
                                },
                                {
                                    "start": 36
                                },
                                {
                                    "start": 44
                                },
                                {
                                    "start": 52
                                },
                                {
                                    "start": 60
                                }
                            ],
                            "undefined": [
                                {
                                    "start": 63
                                }
                            ]
                        }
                    },
                    {
                        "name": "18",
                        "id": 17,
                        "orderBy": 17,
                        "sequencerSize": 193,
                        "pads": {
                            "12": [
                                {
                                    "start": 32
                                }
                            ],
                            "13": [
                                {
                                    "start": 48
                                }
                            ],
                            "14": [
                                {
                                    "start": 176
                                }
                            ],
                            "15": [
                                {
                                    "start": 128,
                                    "duration": 32
                                }
                            ],
                            "16": [
                                {
                                    "start": 96
                                }
                            ],
                            "17": [
                                {
                                    "start": 112
                                }
                            ],
                            "18": [
                                {
                                    "start": 0
                                }
                            ],
                            "19": [
                                {
                                    "start": 64
                                }
                            ],
                            "20": [
                                {
                                    "start": 160
                                }
                            ],
                            "21": [
                                {
                                    "start": 0
                                },
                                {
                                    "start": 10
                                },
                                {
                                    "start": 16
                                },
                                {
                                    "start": 26
                                },
                                {
                                    "start": 32
                                },
                                {
                                    "start": 42
                                },
                                {
                                    "start": 48
                                },
                                {
                                    "start": 58
                                },
                                {
                                    "start": 64
                                },
                                {
                                    "start": 74
                                },
                                {
                                    "start": 80
                                },
                                {
                                    "start": 90
                                },
                                {
                                    "start": 96
                                },
                                {
                                    "start": 106
                                },
                                {
                                    "start": 112
                                },
                                {
                                    "start": 122
                                },
                                {
                                    "start": 128
                                },
                                {
                                    "start": 138
                                },
                                {
                                    "start": 144
                                },
                                {
                                    "start": 154
                                },
                                {
                                    "start": 160
                                },
                                {
                                    "start": 170
                                },
                                {
                                    "start": 176
                                },
                                {
                                    "start": 186
                                }
                            ],
                            "22": [
                                {
                                    "start": 0
                                },
                                {
                                    "start": 16
                                },
                                {
                                    "start": 32
                                },
                                {
                                    "start": 48
                                },
                                {
                                    "start": 64
                                },
                                {
                                    "start": 80
                                },
                                {
                                    "start": 96
                                },
                                {
                                    "start": 112
                                },
                                {
                                    "start": 128
                                },
                                {
                                    "start": 144
                                },
                                {
                                    "start": 160
                                },
                                {
                                    "start": 176
                                }
                            ],
                            "23": [
                                {
                                    "start": 4
                                },
                                {
                                    "start": 12
                                },
                                {
                                    "start": 20
                                },
                                {
                                    "start": 28
                                },
                                {
                                    "start": 36
                                },
                                {
                                    "start": 44
                                },
                                {
                                    "start": 52
                                },
                                {
                                    "start": 60
                                },
                                {
                                    "start": 68
                                },
                                {
                                    "start": 76
                                },
                                {
                                    "start": 84
                                },
                                {
                                    "start": 92
                                },
                                {
                                    "start": 100
                                },
                                {
                                    "start": 108
                                },
                                {
                                    "start": 116
                                },
                                {
                                    "start": 124
                                },
                                {
                                    "start": 132
                                },
                                {
                                    "start": 140
                                },
                                {
                                    "start": 148
                                },
                                {
                                    "start": 156
                                },
                                {
                                    "start": 164
                                },
                                {
                                    "start": 172
                                },
                                {
                                    "start": 180
                                },
                                {
                                    "start": 188
                                }
                            ],
                            "undefined": [
                                {
                                    "start": 191
                                }
                            ]
                        }
                    }
                ]
            },
            "files": {
                "1": {
                    "filename": "pure_dnb_a_acidarp_01.wav",
                    "color": "purple",
                    "stopOnRelease": "0",
                    "looped": false,
                    "choke": 1
                },
                "2": {
                    "filename": "pure_dnb_a_acidarp_02.wav",
                    "color": "purple",
                    "stopOnRelease": "0",
                    "looped": false,
                    "choke": 1
                },
                "3": {
                    "filename": "pure_dnb_a_neurobass_01.wav",
                    "color": "yellow"
                },
                "4": {
                    "filename": "pure_dnb_a_synth_01.wav",
                    "color": "green",
                    "choke": 2
                },
                "5": {
                    "filename": "pure_dnb_a_synth_02.wav",
                    "color": "green",
                    "choke": 2
                },
                "6": {
                    "filename": "pure_dnb_a_synth_03.wav",
                    "color": "green",
                    "choke": 2
                },
                "7": {
                    "filename": "pure_dnb_a_stab_01.wav",
                    "color": "blue"
                },
                "8": {
                    "filename": "pure_dnb_a_vox_01.wav",
                    "color": "red"
                },
                "9": {
                    "filename": "pure_dnb_a_vox_02.wav",
                    "color": "red"
                },
                "10": {
                    "filename": "pure_dnb_a_kick_01.wav",
                    "color": "purple"
                },
                "11": {
                    "filename": "pure_dnb_a_perc_01.wav",
                    "color": "green"
                },
                "12": {
                    "filename": "pure_dnb_a_snare_01.wav",
                    "color": "blue"
                },
                "13": {
                    "filename": "pure_dnb_b_stab_01.wav",
                    "color": "green"
                },
                "14": {
                    "filename": "pure_dnb_b_vox_01.wav",
                    "color": "blue",
                    "choke": 4
                },
                "15": {
                    "filename": "pure_dnb_b_vox_02.wav",
                    "color": "blue",
                    "choke": 4
                },
                "16": {
                    "filename": "pure_dnb_b_bass_05.wav",
                    "color": "purple",
                    "stopOnRelease": "0",
                    "choke": 3
                },
                "17": {
                    "filename": "pure_dnb_b_bass_03.wav",
                    "color": "green",
                    "choke": 3
                },
                "18": {
                    "filename": "pure_dnb_b_bass_04.wav",
                    "color": "green",
                    "choke": 3
                },
                "19": {
                    "filename": "pure_dnb_b_bass_01.wav",
                    "color": "red",
                    "choke": 3
                },
                "20": {
                    "filename": "pure_dnb_b_bass_02.wav",
                    "color": "red",
                    "choke": 3
                },
                "21": {
                    "filename": "pure_dnb_b_bass_06.wav",
                    "color": "red",
                    "choke": 3
                },
                "22": {
                    "filename": "pure_dnb_b_kick_01.wav",
                    "color": "yellow"
                },
                "23": {
                    "filename": "pure_dnb_b_perc_01.wav",
                    "color": "blue"
                },
                "24": {
                    "filename": "pure_dnb_b_snare_01.wav",
                    "color": "yellow"
                }
            },
            "author": "Phenom",
            "difficulty": 3
        }
    }
}